{
  "project_info": {
    "project_number": "53825863927",
    "firebase_url": "https://codelab1-33a87.firebaseio.com",
    "project_id": "codelab1-33a87",
    "storage_bucket": "codelab1-33a87.appspot.com"
  },
  "client": [
    {
      "client_info": {
        "mobilesdk_app_id": "1:53825863927:android:c6ccbf6b9219330add13f2",
        "android_client_info": {
          "package_name": "com.google.firebase.codelab.friendlychat"
        }
      },
      "oauth_client": [
        {
          "client_id": "53825863927-20bmg2rsvtn52rpbm9tcqg8g863go675.apps.googleusercontent.com",
          "client_type": 1,
          "android_info": {
            "package_name": "com.google.firebase.codelab.friendlychat",
            "certificate_hash": "ed7d3e960117522bd7d26297f5304509dc2f2281"
          }
        },
        {
          "client_id": "53825863927-i0553mmpdt9a5cftdognq8812p2kiebu.apps.googleusercontent.com",
          "client_type": 3
        }
      ],
      "api_key": [
        {
          "current_key": "AIzaSyDSwdjMwjwh1DfSjUMZVBa_KTdXHOEprn4"
        }
      ],
      "services": {
        "appinvite_service": {
          "other_platform_oauth_client": [
            {
              "client_id": "53825863927-i0553mmpdt9a5cftdognq8812p2kiebu.apps.googleusercontent.com",
              "client_type": 3
            }
          ]
        }
      }
    }
  ],
  "configuration_version": "1"
}